{"cameraMode":{"drawMode":0,"name":"Shaded","section":"Shading Mode"},"sceneLighting":true,"audioPlay":false,"sceneViewState":{"m_AlwaysRefresh":false,"showFog":true,"showSkybox":true,"showFlares":true,"showImageEffects":true,"showParticleSystems":true,"showVisualEffectGraphs":true,"m_FxEnabled":true},"in2DMode":false,"pivot":{"x":-3.232285976409912,"y":2.0960731506347658,"z":-2.3187789916992189},"rotation":{"x":-0.31519627571105959,"y":-0.16486099362373353,"z":0.055691905319690707,"w":-0.9329462051391602},"size":6.426729202270508,"orthographic":false}